1,REGIMEN, 3TC-d4T-NVP,d4T/3TC/NVP(6/30/50mg)
2,REGIMEN,3TC -ABC-NVP,ABC(60mg)+3TC(30mg)+NVP(50mg)
3,REGIMEN,3TC/ABC-NVP,ABC(60mg)+3TC(30mg)+NVP(50mg)
4,REGIMEN,3TC-3TC-ABC-EFV,ABC(60mg)+3TC(30mg)+EFV(200mg)
5,REGIMEN,3TC-3TC-ABC-NVP,ABC(60mg)+3TC(30mg)+NVP(50mg)
6,REGIMEN,3TC-3TC-AZT-NVP,AZT(10mg/ml)+3TC(10mg/ml)+NVP(10mg/ml)
7,REGIMEN,3TC-3TC-EFV,TDF(300mg)+3TC(300mg)+ATV/r(300/100mg)
8,REGIMEN,3TC-3TC-NVP,TDF(300mg)+3TC(300mg)+ATV/r(300/100mg)
9,REGIMEN,3TC-ABC-3TC,TDF(300mg)+3TC(300mg)+ATV/r(300/100mg)
10,REGIMEN,3TC-ABC-ATV/r,AZT(300mg)+3TC(150mg)+ATV/r(300mg/100mg)
11,REGIMEN,3TC-ABC-ATV-RTV,AZT(300mg)+3TC(150mg)+ATV/r(300mg/100mg)
12,REGIMEN,3TC-ABC-AZT,ABC(60mg)+3TC(30mg)+AZT(60mg)
13,REGIMEN,3TC-ABC-AZT-ATV,AZT(300mg)+3TC(150mg)+ATV/r(300mg/100mg)
14,REGIMEN,3TC-ABC-AZT-ATV/r,AZT(300mg)+3TC(150mg)+ATV/r(300mg/100mg)
15,REGIMEN,3TC-ABC-AZT-LPV/r,AZT(300mg)+3TC(150mg)+LPV/r(200/50mg)
16,REGIMEN,3TC-ABC-d4T,TDF(300mg)+3TC(300mg)+ATV/r(300/100mg)
17,REGIMEN,3TC-ABC-ddI-EC-LPV/r,TDF(300mg)+3TC(300mg)+ATV/r(300/100mg)
18,REGIMEN,3TC-ABC-DTG,ABC(20mg/ml)+3TC(300mg)+DTG(50mg)
19,REGIMEN,3TC-ABC-EFV,ABC(60mg)+3TC(30mg)+EFV(200mg)
20,REGIMEN,3TC-ABC-EFV-EFV,ABC(60mg)+3TC(30mg)+EFV(200mg)
21,REGIMEN,3TC-ABC-LPV/r,ABC(60mg)+3TC(30mg)+LPV/r(40/10mg)
22,REGIMEN,3TC-ABC-LPV/r-LPV/r,ABC(60mg)+3TC(30mg)+LPV/r(40/10mg)
23,REGIMEN,3TC-ABC-NVP,TDF(300mg)+3TC(300mg)+ATV/r(300/100mg)
24,REGIMEN,3TC-ABC-TDF,TDF(300mg)+3TC(300mg)+ATV/r(300/100mg)
25,REGIMEN,3TC-ABC-TDF-LPV/r,TDF(300mg)+3TC(300mg)+ATV/r(300/100mg)
26,REGIMEN,3TC-AZT,TDF(300mg)+3TC(300mg)+ATV/r(300/100mg)
27,REGIMEN,3TC-AZT-ABC-LPV/r,AZT(300mg)+3TC(150mg)+LPV/r(200/50mg)
28,REGIMEN,3TC-AZT-ATV/r,AZT(300mg)+3TC(150mg)+ATV/r(300mg/100mg)
29,REGIMEN,3TC-AZT-ATV-RTV,AZT(300mg)+3TC(150mg)+ATV/r(300mg/100mg)
30,REGIMEN,3TC-AZT-d4T,TDF(300mg)+3TC(300mg)+ATV/r(300/100mg)
31,REGIMEN,3TC-AZT-d4T-LPV/r,TDF(300mg)+3TC(300mg)+ATV/r(300/100mg)
32,REGIMEN,3TC-AZT-EFV,AZT/3TC(300/150mg)+EFV(600mg)
33,REGIMEN,3TC-AZT-EFV-EFV,AZT(300mg)+3TC(150mg)+EFV(600mg)
34,REGIMEN,3TC-AZT-IND+-RTV,AZT(300mg)+3TC(150mg)+ATV/r(300mg/100mg)
35,REGIMEN,3TC-AZT-LPV/r,AZT(300mg)+3TC(150mg)+ATV/r(300mg/100mg)
36,REGIMEN,3TC-AZT-NVP,AZT(10mg/ml)+3TC(10mg/ml)+NVP(10mg/ml)
37,REGIMEN,3TC-AZT-NVP-EFV,AZT(10mg/ml)+3TC(10mg/ml)+NVP(10mg/ml)
38,REGIMEN,3TC-AZT-TDF,AZT(300mg)+3TC(150mg)+TDF(300mg)
39,REGIMEN,3TC-AZT-TDF-ATV,TDF(300mg)+3TC(300mg)+ATV/r(300/100mg)
40,REGIMEN,3TC-AZT-TDF-IND/r,TDF(300mg)+3TC(300mg)+ATV/r(300/100mg)
41,REGIMEN,3TC-AZT-TDF-IND+/RTC,TDF(300mg)+3TC(300mg)+ATV/r(300/100mg)
42,REGIMEN,3TC-AZT-TDF-IND+/RTV,TDF(300mg)+3TC(300mg)+ATV/r(300/100mg)
43,REGIMEN,3TC-AZT-TDF-LPV/r,AZT(300mg)+TDF(300mg)+3TC(150mg)+LPV/r(200mg/50mg)
44,REGIMEN,3TC-d4T,TDF(300mg)+3TC(300mg)+ATV/r(300/100mg)
45,REGIMEN,3TC-d4T-EFV,d4T(20mg)+3TC(10mg/ml)+EFV(200mg)
46,REGIMEN,3TC-d4T-EFV-EFV,d4T(20mg)+3TC(10mg/ml)+EFV(200mg)
47,REGIMEN,3TC-d4T-IND+,TDF(300mg)+3TC(300mg)+ATV/r(300/100mg)
48,REGIMEN,3TC-d4T-LPV/r,d4T(6mg)+3TC(30mg)+LPV/r(80/20mg)
49,REGIMEN,3TC-d4T-NVP,d4T/3TC/NVP(6/30/50mg)
50,REGIMEN,3TC-d4T-TDF,AZT(300mg)+3TC(150mg)+TDF(300mg)
51,REGIMEN,3TC-ddI-ddI-EFV,ABC(20mg/ml)+DDI(10mg/ml)+3TC(30mg)
52,REGIMEN,3TC-ddI-EC-EFV,ABC(20mg/ml)+DDI(10mg/ml)+3TC(30mg)
53,REGIMEN,3TC-ddI-EC-EFV-EFV,ABC(20mg/ml)+DDI(10mg/ml)+3TC(30mg)
54,REGIMEN,3TC-ddI-EC-LPV/r,ABC(20mg/ml)+DDI(10mg/ml)+3TC(30mg)
55,REGIMEN,3TC-ddI-EC-NVP,ABC(20mg/ml)+DDI(10mg/ml)+3TC(30mg)
56,REGIMEN,3TC-ddI-EC-NVP-EFV,ABC(20mg/ml)+DDI(10mg/ml)+3TC(30mg)
57,REGIMEN,3TC-ddI-EFV,ABC(20mg/ml)+DDI(10mg/ml)+3TC(30mg)
58,REGIMEN,3TC-ddI-LPV/r,ABC(20mg/ml)+DDI(10mg/ml)+3TC(30mg)
59,REGIMEN,3TC-ddI-NVP,ABC(20mg/ml)+DDI(10mg/ml)+3TC(30mg)
60,REGIMEN,3TC-EFV,ABC(60mg)+3TC(30mg)+EFV(200mg)
61,REGIMEN,3TC-EFV-CBV (AZT/3TC),TDF(300mg)+3TC(300mg)+DTG(50mg)
62,REGIMEN,3TC-EFV-EFV,TDF(300mg)+3TC(300mg)+DTG(50mg)
63,REGIMEN,3TC-EFV-EFV-d4T,TDF(300mg)+3TC(300mg)+DTG(50mg)
64,REGIMEN,3TC-FTC-EFV,TDF(300mg)+3TC(300mg)+DTG(50mg)
65,REGIMEN,3TC-FTC-EFV-EFV,TDF(300mg)+3TC(300mg)+DTG(50mg)
66,REGIMEN,3TC-FTC-EFV-NVP,TDF(300mg)+3TC(300mg)+DTG(50mg)
67,REGIMEN,3TC-FTC-NVP,TDF(300mg)+3TC(300mg)+DTG(50mg)
68,REGIMEN,3TC-LPV/r-Truvada (TDF/FTC),TDF(300mg)+3TC(300mg)+DTG(50mg)
69,REGIMEN,3TC-NVP,TDF(300mg)+3TC(300mg)+DTG(50mg)
70,REGIMEN,3TC-NVP-ABC,ABC(60mg)+3TC(30mg)+NVP(50mg)
71,REGIMEN,3TC-NVP-AZT,TDF(300mg)+3TC(300mg)+DTG(50mg)
72,REGIMEN,3TC-TDF-ATV/r,TDF(300mg)+3TC(300mg)+DTG(50mg)
73,REGIMEN,3TC-TDF-ATV-RTV,TDF(300mg)+3TC(300mg)+DTG(50mg)
74,REGIMEN,3TC-TDF-AZT-ATV,TDF(300mg)+3TC(150mg)+ATV/r(300/100mg)
75,REGIMEN,3TC-TDF-AZT-LPV/r,TDF(300mg)+3TC(150mg)+ATV/r(300/100mg)
76,REGIMEN,3TC-TDF-CBV (AZT/3TC),TDF(300mg)+3TC(150mg)+ATV/r(300/100mg)
77,REGIMEN,3TC-TDF-EFV,TDF(300mg)+3TC(150mg)+ATV/r(300/100mg)
78,REGIMEN,3TC-TDF-EFV-EFV,TDF(300mg)+3TC(150mg)+ATV/r(300/100mg)
79,REGIMEN,3TC-TDF-EFV-NVP,TDF(300mg)+3TC(300mg)+DTG(50mg)
80,REGIMEN,3TC-TDF-LPRVr,TDF(300mg)+3TC(300mg)+DTG(50mg)
81,REGIMEN,3TC-TDF-LPV/r,TDF(300mg)+3TC(300mg)+NVP(200mg)
82,REGIMEN,3TC-TDF-NVP,TDF(300mg)+3TC(300mg)+NVP(200mg)
83,REGIMEN,3TC-Truvada (TDF/FTC)-LPV/r,TDF(300mg)+3TC(300mg)+DTG(50mg)
84,REGIMEN,3TC-Truvada (TDF/FTC)-RTV-SQV,TDF(300mg)+3TC(300mg)+DTG(50mg)
85,REGIMEN,ABC/34TC-EFV,AZT(300mg)+3TC(150mg)+ABC(300mg)
86,REGIMEN,ABC/36TC-AZT-ATV/r,AZT(300mg)+3TC(150mg)+ABC(300mg)
87,REGIMEN,ABC/3T C-EFV,AZT(300mg)+3TC(150mg)+ABC(300mg)
88,REGIMEN,ABC/3TC,AZT(300mg)+3TC(150mg)+ABC(300mg)
89,REGIMEN,ABC/3TC-ABC/3TC,AZT(300mg)+3TC(150mg)+ABC(300mg)
90,REGIMEN,ABC/3TC-ABC-ATV/r,AZT(300mg)+3TC(150mg)+ABC(300mg)
91,REGIMEN,ABC/3TC-ABC-AZT-ATV/r,AZT(300mg)+3TC(150mg)+ABC(300mg)
92,REGIMEN,ABC/3TC-ABC-DTG,AZT(300mg)+3TC(150mg)+ABC(300mg)
93,REGIMEN,ABC/3TC-ABC-EFV,ABC(60mg)+3TC(30mg)+EFV(200mg)
94,REGIMEN,ABC/3TC-ABC-LPV/r,ABC(60mg)+3TC(30mg)+LPV/r(40/10mg)
95,REGIMEN,ABC/3TC-ABC-NVP,AZT(300mg)+3TC(150mg)+ABC(300mg)
96,REGIMEN,ABC/3TC-ATV/r,AZT(300mg)+3TC(150mg)+ATV/r(300mg/100mg)
97,REGIMEN,ABC/3TC-AZT,ABC(60mg)+3TC(30mg)+AZT(60mg)
98,REGIMEN,ABC/3TC-AZT-ATV/r,AZT(300mg)+3TC(150mg)+ATV/r(300mg/100mg)
99,REGIMEN,ABC/3TC-AZT-LPV/r,AZT/3TC(300/150mg)+LPV/r(200/50mg)
100,REGIMEN,ABC/3TC-DTG,ABC(600mg)+3TC(300mg)+DTG(50mg)
101,REGIMEN,ABC/3TC-EFV,ABC(60mg)+3TC(30mg)+EFV(200mg)
102,REGIMEN,-ABC/3TC-EFV,ABC(60mg)+3TC(30mg)+EFV(200mg)
103,REGIMEN,ABC/3TC-EFV-EFV,AZT/3TC(300/150mg)+EFV(600mg)
104,REGIMEN,ABC/3TC-LPV/r,AZT(300mg)+3TC(150mg)+LPV/r(200/50mg)
105,REGIMEN,ABC/3TC-LPV/r-DTG,ABC(600mg)+3TC(300mg)+LPV/r(200/50mg)+DTG(50mg)
106,REGIMEN,ABC/3TC-NVP,AZT(300mg)+3TC(150mg)+NVP(200mg)
107,REGIMEN,ABC/ETC-EFV,AZT(300mg)+3TC(150mg)+EFV(600mg)
108,REGIMEN,ABC-3TC,ABC(600mg)+3TC(300mg)+DTG(50mg)
109,REGIMEN,ABC-3TC-ATV/r,AZT(300mg)+3TC(150mg)+ATV/r(300mg/100mg)
110,REGIMEN,ABC-3TC-AZT,AZT(300mg)+3TC(150mg)+ATV/r(300mg/100mg)
111,REGIMEN,ABC-3TC-AZT-LPR/r,AZT(300mg)+3TC(150mg)+LPV/r(200/50mg)
112,REGIMEN,ABC-3TC-d4T,ABC(20mg/ml)+3TC(300mg)+DTG(50mg)
113,REGIMEN,ABC3TC-EFV,AZT(300mg)+3TC(150mg)+EFV(600mg)
114,REGIMEN,ABC-3TC-EFV,AZT(300mg)+3TC(150mg)+EFV(600mg)
115,REGIMEN,ABC-3TC-EFV-EFV,AZT(300mg)+3TC(150mg)+EFV(600mg)
116,REGIMEN,ABC3TC-LPV/r,AZT/3TC(300/150mg)+LPV/r(200/50mg)
117,REGIMEN,ABC-3TC-NVP,AZT(300mg)+3TC(150mg)+NVP(200mg)
118,REGIMEN,ABC-ABC/3TC-ATV/r,AZT(300mg)+3TC(150mg)+ATV/r(300mg/100mg)
119,REGIMEN,ABC-ABC/3TC-AZT-ATV/r,AZT(300mg)+3TC(150mg)+ATV/r(300mg/100mg)
120,REGIMEN,ABC-ABC/3TC-DTG,ABC(600mg)+3TC(300mg)+DTG(50mg)
121,REGIMEN,ABC-ABC/3TC-EFV,ABC(60mg)+3TC(30mg)+EFV(200mg)
122,REGIMEN,ABC-ABC/3TC-EFV-EFV,AZT(300mg)+3TC(150mg)+EFV(600mg)
123,REGIMEN,ABC-ABC/3TC-LPV/r,AZT(300mg)+3TC(150mg)+LPV/r(200/50mg)
124,REGIMEN,ABC-ABC/3TC-NVP,AZT(300mg)+3TC(150mg)+NVP(200mg)
125,REGIMEN,ABC-ABC-ATV/r,AZT(300mg)+3TC(150mg)+ATV/r(300mg/100mg)
126,REGIMEN,ABC-ATV/r-FDC (ABC/3TC),ABC(60mg)+3TC(30mg)+EFV(200mg)
127,REGIMEN,ABC-AZT-ATV-RTV,ABC(60mg)+3TC(30mg)+AZT(60mg)
128,REGIMEN,ABC-AZT-EFV,ABC(60mg)+3TC(30mg)+EFV(200mg)
129,REGIMEN,ABC-AZT-EFV-EFV,ABC(60mg)+3TC(30mg)+EFV(200mg)
130,REGIMEN,ABC-AZT-LPV/r,AZT(60mg)+3TC(30mg)+LPV/r(40/10mg)
131,REGIMEN,ABC-AZT-NVP,AZT(300mg)+3TC(150mg)+NVP(200mg)
132,REGIMEN,ABC-CBV (AZT/3TC),ABC(600mg)+3TC(300mg)+DTG(50mg)
133,REGIMEN,ABC-CBV (AZT/3TC)-ATV//r,AZT(300mg)+3TC(150mg)+ATV/r(300mg/100mg)
134,REGIMEN,ABC-CBV (AZT/3TC)-ATV/r,AZT(300mg)+3TC(150mg)+ATV/r(300mg/100mg)
135,REGIMEN,ABC-CBV (AZT/3TC)-ATV-RTV,AZT(300mg)+3TC(150mg)+ATV/r(300mg/100mg)
136,REGIMEN,ABC-CBV (AZT/3TC)-EFV,AZT(300mg)+3TC(150mg)+LPV/r(200/50mg)
137,REGIMEN,ABC-CBV (AZT/3TC)-LPV/r,AZT(300mg)+3TC(150mg)+LPV/r(200/50mg)
138,REGIMEN,ABC-d4T-EFV,ABC(20mg/ml)+DDI(10mg/ml)+LPV/r(80/20mg)
139,REGIMEN,ABC-d4T-NVP,AZT(300mg)+3TC(150mg)+NVP(200mg)
140,REGIMEN,ABC-ddI-EC-LPV/r,AZT(300mg)+TDF(300mg)+3TC(150mg)+LPV/r(200mg/50mg)
141,REGIMEN,ABC-ddI-LPV/r,AZT(300mg)+TDF(300mg)+3TC(150mg)+LPV/r(200mg/50mg)
142,REGIMEN,ABC-EFV,AZT(300mg)+3TC(150mg)+EFV(600mg)
143,REGIMEN,ABC-EFV-3TC,AZT(10mg/ml)+3TC(10mg/ml)+EFV(200mg)
144,REGIMEN,ABC-EFV-ABC/3TC,AZT(10mg/ml)+3TC(10mg/ml)+EFV(200mg)
145,REGIMEN,ABC-EFV-EFV,AZT(300mg)+3TC(150mg)+EFV(600mg)
146,REGIMEN,ABC-EFV-FDC (ABC/3TC),ABC(600mg)+3TC(300mg)+DTG(50mg)
147,REGIMEN,ABC-FDC (ABC/3TC)-ATV/r,AZT(300mg)+3TC(150mg)+ATV/r(300mg/100mg)
148,REGIMEN,ABC-FDC (ABC/3TC)-DTG,ABC(600mg)+3TC(300mg)+DTG(50mg)
149,REGIMEN,ABC-FDC (ABC/3TC)-DTG-LPV/r,ABC(600mg)+3TC(300mg)+LPV/r(200/50mg)+DTG(50mg)
150,REGIMEN,ABC-FDC (ABC/3TC)-EFV,ABC(60mg)+3TC(30mg)+EFV(200mg)
151,REGIMEN,ABC-FDC (ABC/3TC)-EFV-EFV,AZT(300mg)+3TC(150mg)+EFV(600mg)
152,REGIMEN,ABC-FDC (ABC/3TC)-LPV/r,AZT/3TC(300/150mg)+LPV/r(200/50mg)
153,REGIMEN,ABC-FDC (ABC/3TC)-NVP,ABC(60mg)+3TC(30mg)+NVP(50mg)
154,REGIMEN,ABC-FDC (TDF/3TC),ABC(600mg)+3TC(300mg)+DTG(50mg)
155,REGIMEN,ABC-FDC (TDF/3TC)-ATV/r,AZT(300mg)+3TC(150mg)+ATV/r(300mg/100mg)
156,REGIMEN,ABC-FDC (TDF/3TC)-ATV-RTV,AZT(300mg)+3TC(150mg)+NVP(200mg)
157,REGIMEN,ABC-FDC[ABC/3TC]-ATV/r,ABC(60mg)+3TC(30mg)+AZT(60mg)
158,REGIMEN,ABC-LPV/r,ABC(20mg/ml)+DDI(10mg/ml)+LPV/r(80/20mg)
159,REGIMEN,ABC-LPV/r-CBV (AZT/3TC),AZT(300mg)+3TC(150mg)+ABC(300mg)
160,REGIMEN,ABC-LPV/r-FDC (TDF/3TC),AZT(300mg)+3TC(150mg)+ABC(300mg)
161,REGIMEN,ABC-LPV/r-Truv (TDF/FTC),AZT(300mg)+3TC(150mg)+ABC(300mg)
162,REGIMEN,ABC-NVP,ABC(60mg)+3TC(30mg)+NVP(50mg)
163,REGIMEN,ABC-NVP-3TC,ABC(20mg/ml)+FTC(200mg)+DTG(50mg)
164,REGIMEN,ABC-TDF-NVP,ABC(20mg/ml)+FTC(200mg)+DTG(50mg)
165,REGIMEN,ABC-Truv (TDF/FTC),ABC(20mg/ml)+FTC(200mg)+DTG(50mg)
166,REGIMEN,ABC-Truv (TDF/FTC)-ATV/r,AZT(300mg)+3TC(150mg)+ATV/r(300mg/100mg)
167,REGIMEN,ABC-Truv (TDF/FTC)-LPV/r,AZT(300mg)+3TC(150mg)+ATV/r(300mg/100mg)
168,REGIMEN,ABC-Truvada (TDF/FTC)-LPV/r,AZT(300mg)+3TC(150mg)+ATV/r(300mg/100mg)
169,REGIMEN,ASC/3TC-ATV/r,AZT(300mg)+3TC(150mg)+ATV/r(300mg/100mg)
170,REGIMEN,ATV,AZT/3TC(300/150mg)+EFV(200mg)
171,REGIMEN,ATV/r,AZT/3TC(300/150mg)+EFV(200mg)
172,REGIMEN,-ATV/r,AZT(300mg)+3TC(150mg)+ATV/r(300mg/100mg)
173,REGIMEN,ATV/r-ABC/3TC,AZT(300mg)+3TC(150mg)+ATV/r(300mg/100mg)
174,REGIMEN,ATV/r-CBV (AZT/3TC),ABC(60mg)+3TC(30mg)+AZT(60mg)
175,REGIMEN,ATV/r-FDC (ABC/3TC),ABC(60mg)+3TC(30mg)+AZT(60mg)
176,REGIMEN,ATV/r-FDC (TDF/3TC),ABC(60mg)+3TC(30mg)+AZT(60mg)
177,REGIMEN,AZT,ABC(60mg)+3TC(30mg)+AZT(60mg)
178,REGIMEN,AZT-3TC,ABC(600mg)+3TC(300mg)+DTG(50mg)
179,REGIMEN,AZT-3TC-ABC,ABC(600mg)+3TC(300mg)+DTG(50mg)
180,REGIMEN,AZT-3TC-ABC-LPV/r,ABC(60mg)+3TC(30mg)+LPV/r(40/10mg)
181,REGIMEN,AZT-3TC-EFV,AZT(300mg)+3TC(150mg)+EFV(600mg)
182,REGIMEN,AZT-3TC-EFV-EFV,AZT(300mg)+3TC(150mg)+EFV(600mg)
183,REGIMEN,AZT-3TC-LPV/r,AZT(300mg)+3TC(150mg)+LPV/r(200/50mg)
184,REGIMEN,AZT-3TC-NVP,AZT(300mg)+3TC(150mg)+NVP(200mg)
185,REGIMEN,AZT-3TC-TDF,AZT(300mg)+3TC(150mg)+TDF(300mg)
186,REGIMEN,AZT-3TC-TDF-LPR/r,AZT(300mg)+TDF/FTC(300/200mg)+LPV/r(200/50mg)
187,REGIMEN,AZT-3TC-TDF-LPV/r,AZT(300mg)+TDF(300mg)+3TC(150mg)+LPV/r(200mg/50mg)
188,REGIMEN,AZT-ABC/3TC-ATV/r,AZT(60mg)+3TC(30mg)+LPV/r(40/10mg)
189,REGIMEN,AZT-ABC-3TC-LPV/r,AZT(300mg)+3TC(150mg)+LPV/r(200/50mg)
190,REGIMEN,AZT-ABC-NVP,AZT(300mg)+3TC(150mg)+NVP(200mg)
191,REGIMEN,AZT-AZT-LPV/r,AZT(300mg)+TDF(300mg)+3TC(150mg)+LPV/r(200mg/50mg)
192,REGIMEN,AZT-CBV (AZT/3TC),ABC(60mg)+3TC(30mg)+DTG(50mg)
193,REGIMEN,AZT-CBV (AZT/3TC)-LPV/r,AZT(300mg)+TDF(300mg)+3TC(150mg)+LPV/r(200mg/50mg)
194,REGIMEN,AZT-d4T-ATV/r,AZT(300mg)+3TC(150mg)+ATV/r(300mg/100mg)
195,REGIMEN,AZT-d4T-EFV,AZT/3TC(300/150mg)+EFV(200mg)
196,REGIMEN,AZT-d4T-LPV/r,AZT(300mg)+TDF(300mg)+3TC(150mg)+LPV/r(200mg/50mg)
197,REGIMEN,AZT-d4T-NVP,AZT(300mg)+3TC(150mg)+NVP(200mg)
198,REGIMEN,AZT-ddI-EC-LPRVr,AZT/3TC(300/150mg)+LPV/r(200/50mg)
199,REGIMEN,AZT-ddI-EC-LPV/r,AZT/3TC(300/150mg)+LPV/r(200/50mg)
200,REGIMEN,AZT-EFV,AZT(300mg)+3TC(150mg)+EFV(600mg)
201,REGIMEN,AZT-FDC (ABC/3TC)-ATV/r,AZT(300mg)+3TC(150mg)+ATV/r(300mg/100mg)
202,REGIMEN,AZT-FDC (TDF/3TC),ABC(60mg)+3TC(30mg)+AZT(60mg)
203,REGIMEN,AZT-FDC (TDF/3TC)-ATV/r,AZT(60mg)+3TC(30mg)+LPV/r(40/10mg)
204,REGIMEN,-AZT-FDC (TDF/3TC)-ATV/r,AZT(300mg)+3TC(150mg)+LPV/r(200/50mg)
205,REGIMEN,AZT-FDC (TDF/3TC)-ATV-AZT,AZT/3TC(300/150mg)+EFV(600mg)
206,REGIMEN,AZT-FDC (TDF/3TC)-ATV-d4T,ABC(20mg/ml)+FTC(200mg)+DTG(50mg)
207,REGIMEN,AZT-FDC (TDF/3TC)-ATV-RTV,AZT/3TC/EFV(60/30/200mg)
208,REGIMEN,AZT-FDC (TDF/3TC)-LPV/r,AZT(300mg)+3TC(150mg)+ATV/r(300mg/100mg)
209,REGIMEN,AZT-FDC (TDF/3TC)-nm-17-02274,ABC(20mg/ml)+FTC(200mg)+DTG(50mg)
210,REGIMEN,AZT-IND-RTV-Truv (TDF/FTC),AZT/3TC/EFV(60/30/200mg)
211,REGIMEN,AZT-IND-RTV-Truvada (TDF/FTC),AZT/3TC/EFV(60/30/200mg)
212,REGIMEN,AZT-LPV/r,AZT(300mg)+TDF(300mg)+3TC(150mg)+LPV/r(200mg/50mg)
213,REGIMEN,AZT-LPV/r-CBV (AZT/3TC),AZT/3TC/EFV(60/30/200mg)
214,REGIMEN,AZT-LPV/r-FDC (TDF/3TC),AZT(300mg)+3TC(150mg)+TDF(300mg)
215,REGIMEN,AZT-LPV/r-FDC (TDF/3TC/EFV),ABC(60mg)+3TC(30mg)+EFV(200mg)
216,REGIMEN,AZT-LPV/r-LPV/r,ABC(60mg)+3TC(30mg)+LPV/r(40/10mg)
217,REGIMEN,AZT-LPV/r-SQV,ABC(60mg)+3TC(30mg)+LPV/r(40/10mg)
218,REGIMEN,AZT-LPV/r-Truv (TDF/FTC),AZT(300mg)+3TC(150mg)+TDF(300mg)
219,REGIMEN,AZT-LPV/r-Truvada (TDF/FTC),AZT(300mg)+3TC(150mg)+TDF(300mg)
220,REGIMEN,AZT-NVP,AZT(300mg)+3TC(150mg)+NVP(200mg)
221,REGIMEN,AZT-NVP-3TC,AZT/3TC(300/150mg)+NVP(200mg)
222,REGIMEN,AZT-NVP-NVP,AZT/3TC/NVP(300/150/200mg)
223,REGIMEN,AZT-RTV-SQV-FDC (TDF/3TC),ABC(600mg)+3TC(300mg)+LPV/r(200/50mg)+DTG(50mg)
224,REGIMEN,AZT-RTV-SQV-Truv (TDF/FTC),ABC(600mg)+3TC(300mg)+LPV/r(200/50mg)+DTG(50mg)
225,REGIMEN,AZT-RTV-SQV-Truvada (TDF/FTC),ABC(600mg)+3TC(300mg)+LPV/r(200/50mg)+DTG(50mg)
226,REGIMEN,AZT-SQV-LPV/r,ABC(20mg/ml)+DDI(10mg/ml)+LPV/r(80/20mg)
227,REGIMEN,AZT-TDF-ATV-RTV,ABC(600mg)+3TC(300mg)+LPV/r(200/50mg)+DTG(50mg)
228,REGIMEN,AZT-TDF-EFV,AZT(300mg)+3TC(150mg)+EFV(600mg)
229,REGIMEN,AZT-TDF-IND+,AZT(300mg)+TDF(300mg)+3TC(150mg)+LPV/r(200mg/50mg)
230,REGIMEN,AZT-TDF-LP\//r,AZT(300mg)+TDF/FTC(300/200mg)+LPV/r(200/50mg)
231,REGIMEN,AZT-TDF-LPRVr,AZT(300mg)+TDF(300mg)+3TC(150mg)+LPV/r(200mg/50mg)
232,REGIMEN,AZT-TDF-LPV/r,AZT(300mg)+TDF(300mg)+3TC(150mg)+LPV/r(200mg/50mg)
233,REGIMEN,AZT-TDF-LPVr,AZT(300mg)+TDF(300mg)+3TC(150mg)+LPV/r(200mg/50mg)
234,REGIMEN,AZT-TDF-NVP,AZT(300mg)+3TC(150mg)+NVP(200mg)
235,REGIMEN,AZT-TDF-SQV-RTV,AZT/3TC/EFV(60/30/200mg)
236,REGIMEN,AZT-Truv (TDF/FTC)-ATV/r,AZT(300mg)+3TC(150mg)+LPV/r(200/50mg)
237,REGIMEN,AZT-Truv (TDF/FTC)-LPV/r,AZT(300mg)+3TC(150mg)+LPV/r(200/50mg)
238,REGIMEN,AZT-Truv (TDF/FTC)-NVP,AZT(300mg)+3TC(150mg)+NVP(200mg)
239,REGIMEN,AZT-Truv (TDF/FTC)-RTV-SQV,ABC(600mg)+3TC(300mg)+LPV/r(200/50mg)+DTG(50mg)
240,REGIMEN,AZT-Truv (TDF/FTC)-SQV-RTV,ABC(600mg)+3TC(300mg)+LPV/r(200/50mg)+DTG(50mg)
241,REGIMEN,AZT-Truvada (TDF/FTC)-LPV/r,ABC(600mg)+3TC(300mg)+LPV/r(200/50mg)+DTG(50mg)
242,REGIMEN,AZT-Truvada (TDF/FTC)-RTV-SQV,ABC(600mg)+3TC(300mg)+LPV/r(200/50mg)+DTG(50mg)
243,REGIMEN,CBV (AZT/3TC),ABC(600mg)+3TC(300mg)+DTG(50mg)
244,REGIMEN,CBV (AZT/3TC)-3TC,ABC(600mg)+3TC(300mg)+DTG(50mg)
245,REGIMEN,CBV (AZT/3TC)-3TC-LPV/r,AZT(300mg)+TDF/FTC(300/200mg)+LPV/r(200/50mg)
246,REGIMEN,CBV (AZT/3TC)-3TC-NVP,AZT(300mg)+3TC(150mg)+NVP(200mg)
247,REGIMEN,CBV (AZT/3TC)-ABC,AZT(300mg)+3TC(150mg)+ABC(300mg)
248,REGIMEN,CBV (AZT/3TC)-ABC-LPV/r,ABC(60mg)+3TC(30mg)+NVP(50mg)
249,REGIMEN,CBV (AZT/3TC)-ATV/r,AZT(300mg)+3TC(150mg)+ATV/r(300mg/100mg)
250,REGIMEN,CBV (AZT/3TC)-ATV-RTV,AZT(300mg)+3TC(150mg)+ATV/r(300mg/100mg)
251,REGIMEN,CBV (AZT/3TC)-AZT/3TC/NVP,AZT(300mg)+3TC(150mg)+NVP(200mg)
252,REGIMEN,CBV (AZT/3TC)-ddI-EC,AZT(300mg)+3TC(150mg)+NVP(200mg)
253,REGIMEN,CBV (AZT/3TC)-ddI-EC-LPV/r,AZT(300mg)+3TC(150mg)+LPV/r(200/50mg)
254,REGIMEN,CBV (AZT/3TC)-EFV,AZT(300mg)+3TC(150mg)+EFV(600mg)
255,REGIMEN,CBV (AZT/3TC)-EFV-EFV,AZT/3TC(300/150mg)+EFV(200mg)
256,REGIMEN,CBV (AZT/3TC)-FDC (3TC/AZT/NVP),AZT(300mg)+3TC(150mg)+NVP(200mg)
257,REGIMEN,CBV (AZT/3TC)-FDC (3TC/AZT/NVP)-FDC (3TC/AZT/NVP),AZT(300mg)+3TC(150mg)+NVP(200mg)
258,REGIMEN,CBV (AZT/3TC)-FTC-LPV/r,AZT(300mg)+3TC(150mg)+LPV/r(200/50mg)
259,REGIMEN,CBV (AZT/3TC)-IND-RTV,AZT(300mg)+3TC(150mg)+ATV/r(300mg/100mg)
260,REGIMEN,CBV (AZT/3TC)-LPV/r,AZT(300mg)+3TC(150mg)+LPV/r(200/50mg)
261,REGIMEN,CBV (AZT/3TC)-LPV/r-TDF,AZT(300mg)+3TC(150mg)+LPV/r(200/50mg)
262,REGIMEN,CBV (AZT/3TC)-NVP,AZT(300mg)+3TC(150mg)+NVP(200mg)
263,REGIMEN,CBV (AZT/3TC)-NVP-FDC (3TC/AZT/NVP),AZT(300mg)+3TC(150mg)+NVP(200mg)
264,REGIMEN,CBV (AZT/3TC)-RTV-IND,AZT(300mg)+3TC(150mg)+LPV/r(200/50mg)
265,REGIMEN,CBV (AZT/3TC)-TDF,AZT(300mg)+3TC(150mg)+TDF(300mg)
266,REGIMEN,CBV (AZT/3TC)-TDF-CBV (AZT/3TC),AZT(300mg)+3TC(150mg)+TDF(300mg)
267,REGIMEN,CBV (AZT/3TC)-TDF-IND,AZT(300mg)+3TC(150mg)+TDF(300mg)
269,REGIMEN,CBV (AZT/3TC)-TDF-IND-RTV,AZT(300mg)+TDF/FTC(300/200mg)+LPV/r(200/50mg)
270,REGIMEN,CBV (AZT/3TC)-TDF-LPV/r,AZT(300mg)+TDF(300mg)+3TC(150mg)+LPV/r(200mg/50mg)
271,REGIMEN,CBV (AZT/3TC)-TDF-RTV,AZT(300mg)+TDF(300mg)+3TC(150mg)+LPV/r(200mg/50mg)
272,REGIMEN,CBV (AZT/3TC)-TDF-RTV-IND,AZT(300mg)+TDF/FTC(300/200mg)+LPV/r(200/50mg)
273,REGIMEN,CBV (AZT/3TC)-TDF-RTV-LPV/r,AZT(300mg)+TDF/FTC(300/200mg)+LPV/r(200/50mg)
274,REGIMEN,CBV (AZT/3TC)-TDF-RTV-SQV,AZT(300mg)+TDF/FTC(300/200mg)+LPV/r(200/50mg)
275,REGIMEN,CBV (AZT/3TC)-TDF-SQV-RTV,AZT(300mg)+TDF/FTC(300/200mg)+LPV/r(200/50mg)
276,REGIMEN,CBV (AZT/3TC)-TDF-Truv (TDF/FTC)-IND,AZT(300mg)+TDF/FTC(300/200mg)+LPV/r(200/50mg)
277,REGIMEN,d4T/3TC-EFV,d4T(20mg)+3TC(10mg/ml)+EFV(200mg)
279,REGIMEN,d4T-3TC,d4T(20mg)+3TC(10mg/ml)+EFV(200mg)
280,REGIMEN,d4T-3TC-`,d4T(20mg)+3TC(10mg/ml)+EFV(200mg)
281,REGIMEN,d4T-3TC-ABC,d4T(20mg)+3TC(10mg/ml)+EFV(200mg)
282,REGIMEN,d4T-3TC-EFV,d4T(20mg)+3TC(10mg/ml)+EFV(200mg)
283,REGIMEN,d4T-3TC-EFV-EFV,d4T(30mg)+3TC(150mg)+EFV(600mg)
284,REGIMEN,d4T-3TC-NVP,d4T(30mg)+3TC(150mg)+NVP(200mg)
285,REGIMEN,d4T-ABC-NVP,d4T(30mg)+3TC(150mg)+NVP(200mg)
286,REGIMEN,d4T-ATV/r,d4T(12mg)+3TC(60mg)+LPV/r(80/20mg)
287,REGIMEN,d4T-d4T-NVP,d4T(30mg)+3TC(150mg)+NVP(200mg)
288,REGIMEN,d4T-ddI-NVP,d4T(30mg)+3TC(150mg)+NVP(200mg)
289,REGIMEN,d4T-EFV-EFV,d4T(20mg)+3TC(10mg/ml)+EFV(200mg)
290,REGIMEN,d4T-NVP,d4T(30mg)+3TC(150mg)+NVP(200mg)
291,REGIMEN,d4T-NVP-3TC,d4T(30mg)+3TC(150mg)+NVP(200mg)
292,REGIMEN,d4T-TDF-EFV,d4T(30mg)+3TC(150mg)+EFV(600mg)
293,REGIMEN,d4T-TDF-EFV-EFV,d4T(12mg)+3TC(60mg)+LPV/r(80/20mg)
294,REGIMEN,d4T-TDF-LPV/r,d4T(12mg)+3TC(60mg)+LPV/r(80/20mg)
295,REGIMEN,d4T-TDF-NVP,TDF(300mg)+3TC(300mg)+NVP(200mg)
296,REGIMEN,d4T-Truv (TDF/FTC)-LPV/r,TDF(300mg)+3TC(150mg)+LPV/r(200/50mg)
297,REGIMEN,d4T-Truvada (TDF/FTC)-LPV/r,TDF(300mg)+3TC(150mg)+LPV/r(200/50mg)
298,REGIMEN,ddI-3TC-EFV,DDI(10mg/ml)+3TC(30mg)+NVP(50mg)
299,REGIMEN,ddI-3TC-NVP,DDI(10mg/ml)+3TC(30mg)+NVP(50mg)
300,REGIMEN,ddI-EC-3TC-3TC,DDI(10mg/ml)+3TC(30mg)+NVP(50mg)
301,REGIMEN,ddI-EC-3TC-AZT-EFV,DDI(10mg/ml)+3TC(30mg)+NVP(50mg)
302,REGIMEN,ddI-EC-3TC-EFV,DDI(10mg/ml)+3TC(30mg)+NVP(50mg)
303,REGIMEN,ddI-EC-3TC-EFV-EFV,DDI(10mg/ml)+3TC(30mg)+NVP(50mg)
304,REGIMEN,ddI-EC-3TC-NVP,DDI(10mg/ml)+3TC(30mg)+NVP(50mg)
305,REGIMEN,ddI-EC-ABC-EFV,3TC/FTC(300/300mg)+ATV/r(300/100mg)
306,REGIMEN,ddI-EC-ABC-NVP,3TC/FTC(300/300mg)+ATV/r(300/100mg)
307,REGIMEN,ddI-EC-AZT-LPV/r,3TC/FTC(300/300mg)+ATV/r(300/100mg)
308,REGIMEN,ddI-EC-AZT-NVP,3TC/FTC(300/300mg)+ATV/r(300/100mg)
309,REGIMEN,ddI-EC-AZT-TDF-LPR/r,3TC/FTC(300/300mg)+ATV/r(300/100mg)
310,REGIMEN,ddI-EC-CBV (AZT/3TC)-LPV/r,3TC/FTC(300/300mg)+ATV/r(300/100mg)
311,REGIMEN,ddI-EC-EFV,3TC/FTC(300/300mg)+ATV/r(300/100mg)
312,REGIMEN,ddI-EC-EFV-3TC,3TC/FTC(300/300mg)+ATV/r(300/100mg)
313,REGIMEN,ddI-EC-LPV/r-CBV (AZT/3TC),3TC/FTC(300/300mg)+ATV/r(300/100mg)
314,REGIMEN,ddI-EC-LPV/r-SQV,3TC/FTC(300/300mg)+ATV/r(300/100mg)
315,REGIMEN,ddI-EC-NLF-RTV-SQV,3TC/FTC(300/300mg)+ATV/r(300/100mg)
316,REGIMEN,ddI-EC-NVP,3TC/FTC(300/300mg)+ATV/r(300/100mg)
317,REGIMEN,ddI-EC-NVP-3TC,3TC/FTC(300/300mg)+ATV/r(300/100mg)
318,REGIMEN,ddI-EC-RTV-NLF-SQV,3TC/FTC(300/300mg)+ATV/r(300/100mg)
319,REGIMEN,ddI-EC-SQV-LPV/r,3TC/FTC(300/300mg)+ATV/r(300/100mg)
320,REGIMEN,ddI-EC-TDF-IND+-RTV,3TC/FTC(300/300mg)+ATV/r(300/100mg)
321,REGIMEN,ddI-EC-TDF-LPRVr,3TC/FTC(300/300mg)+ATV/r(300/100mg)
322,REGIMEN,ddI-EC-TDF-LPV/r,3TC/FTC(300/300mg)+ATV/r(300/100mg)
323,REGIMEN,ddI-EC-Truv (TDF/FTC)-RTV-SQV,3TC/FTC(300/300mg)+ATV/r(300/100mg)
324,REGIMEN,ddI-EC-Truvada (TDF/FTC)-RTV-SQV,3TC/FTC(300/300mg)+ATV/r(300/100mg)
325,REGIMEN,ddI-NVP-3TC,3TC/FTC(300/300mg)+ATV/r(300/100mg)
326,REGIMEN,DRV-FDC (TDF/3TC)-RTV-ETR,3TC/FTC(300/300mg)+ATV/r(300/100mg)
327,REGIMEN,DRV-RTV-ETR-RAL,DDI(10mg/ml)+3TC(30mg)+NVP(50mg)
328,REGIMEN,DTG-ABC/3TC,DTG(50mg)+LPV/r(200/50mg)
329,REGIMEN,DTG-ABC/3TC-LPV/r,DTG(50mg)+LPV/r(200/50mg)
330,REGIMEN,DTG-ABC-FDC (ABC/3TC)-LPV/r,DTG(50mg)+LPV/r(200/50mg)
331,REGIMEN,DTG-CBV (AZT/3TC),DTG(50mg)+LPV/r(200/50mg)
332,REGIMEN,DTG-FDC (ABC/3TC),DTG(50mg)+LPV/r(200/50mg)
333,REGIMEN,DTG-FDC (ABC/3TC)-ATV/r,DTG(50mg)+LPV/r(200/50mg)
334,REGIMEN,DTG-FDC (ABC/3TC)-LPV/r,DTG(50mg)+LPV/r(200/50mg)
335,REGIMEN,DTG-FDC (TDF/3TC),DTG(50mg)+LPV/r(200/50mg)
336,REGIMEN,DTG-FDC (TDF/3TC)-ATV/r,DTG(50mg)+LPV/r(200/50mg)
337,REGIMEN,DTG-FDC (TDF/3TC/EFV),DTG(50mg)+LPV/r(200/50mg)
338,REGIMEN,DTG-LPV/r-CBV (AZT/3TC),DTG(50mg)+LPV/r(200/50mg)
339,REGIMEN,DTG-LPV/r-FDC (ABC/3TC),DTG(50mg)+LPV/r(200/50mg)
340,REGIMEN,DTG-LPV/r-FDC (TDF/3TC),DTG(50mg)+LPV/r(200/50mg)
341,REGIMEN,EFV-3TC,d4T(20mg)+3TC(10mg/ml)+EFV(200mg)
342,REGIMEN,EFV-3TC-ABC,TDF/FTC(300mg/200mg)+ATV/r(300/100mg)
343,REGIMEN,EFV-3TC-d4T,TDF/FTC(300mg/200mg)+ATV/r(300/100mg)
344,REGIMEN,EFV-3TC-d4T-EFV,d4T(20mg)+3TC(10mg/ml)+EFV(200mg)
345,REGIMEN,EFV-ABC/3TC,d4T/3TC/EFV(12/60/200mg)
346,REGIMEN,EFV-CBV,TDF/FTC(300/200mg)+EFV(600mg)
347,REGIMEN,EFV-CBV (AZT/3TC),TDF/FTC(300/200mg)+EFV(600mg)
348,REGIMEN,EFV-d4T-3TC,TDF/FTC(300/200mg)+EFV(600mg)
349,REGIMEN,EFV-ddI-EC,TDF(300mg)+3TC(300mg)+LPV/r(200/50mg)+DTG(50mg)
350,REGIMEN,EFV-EFV,TDF(300mg)+3TC(300mg)+LPV/r(200/50mg)
351,REGIMEN,EFV-EFV-3TC-d4T,TDF(300mg)+3TC(300mg)+DTG(50mg)
352,REGIMEN,EFV-EFV-ABC-3TC,TDF(300mg)+3TC(150mg)+ATV/r(300/100mg)
353,REGIMEN,EFV-EFV-CBV,TDF(300mg)+3TC(300mg)+DTG(50mg)
354,REGIMEN,EFV-EFV-CBV (AZT/3TC),TDF(300mg)+3TC(300mg)+LPV/r(200/50mg)+DTG(50mg)
355,REGIMEN,EFV-EFV-EFV,d4T/3TC/EFV(6/30/200mg)
356,REGIMEN,EFV-EFV-FDC (TDF/3TC),d4T(30mg)+3TC(150mg)+EFV(600mg)
357,REGIMEN,EFV-EFV-NVP,TDF(300mg)+3TC(300mg)+DTG(50mg)
358,REGIMEN,EFV-EFV-Truv,TDF(300mg)+3TC(300mg)+LPV/r(200/50mg)
359,REGIMEN,EFV-EFV-Truv (TDF/FTC),TDF(300mg)+3TC(150mg)+ATV/r(300/100mg)
360,REGIMEN,EFV-EFV-Truvada (TDF/FTC),TDF(300mg)+3TC(150mg)+ATV/r(300/100mg)
361,REGIMEN,EFV-FDC (ABC/3TC),TDF(300mg)+3TC(300mg)+DTG(50mg)
362,REGIMEN,EFV-FDC (TDF/3TC),TDF(300mg)+3TC(300mg)+DTG(50mg)
363,REGIMEN,EFV-FDC (TDF/3TC/EFV),TDF(300mg)+3TC(150mg)+ATV/r(300/100mg)
364,REGIMEN,EFV-FDC (TDF/FTC/EFV),TDF(300mg)+3TC(150mg)+ATV/r(300/100mg)
365,REGIMEN,EFV-NVP-CBV,d4T(20mg)+3TC(10mg/ml)+EFV(200mg)
366,REGIMEN,EFV-Triz-EFV,d4T(20mg)+3TC(10mg/ml)+EFV(200mg)
367,REGIMEN,EFV-Truv,d4T(20mg)+3TC(10mg/ml)+EFV(200mg)
368,REGIMEN,EFV-Truv (TDF/FTC),d4T(20mg)+3TC(10mg/ml)+EFV(200mg)
369,REGIMEN,EFV-Truvada (TDF/FTC),d4T(1mg/ml)+3TC(10mg/ml)+NVP(10mg/ml)
370,REGIMEN,FDC (3TC/AZT/NVP),d4T(1mg/ml)+3TC(10mg/ml)+NVP(10mg/ml)
371,REGIMEN,-FDC (3TC/AZT/NVP),d4T(1mg/ml)+3TC(10mg/ml)+NVP(10mg/ml)
372,REGIMEN,FDC (3TC/AZT/NVP)-     ,d4T(1mg/ml)+3TC(10mg/ml)+NVP(10mg/ml)
374,REGIMEN,FDC (3TC/AZT/NVP)-3TC,TDF(300mg)+3TC(300mg)+EFV(600mg)
375,REGIMEN,FDC (3TC/AZT/NVP)-CBV (AZT/3TC),TDF(300mg)+3TC(300mg)+EFV(600mg)
376,REGIMEN,FDC (3TC/AZT/NVP)-FDC (3TC/AZT/NVP),TDF(300mg)+3TC(300mg)+EFV(600mg)
377,REGIMEN,FDC (3TC/AZT/NVP)-FDC (TDF/3TC),TDF(300mg)+3TC(300mg)+EFV(600mg)
378,REGIMEN,FDC (3TC/AZT/NVP)-NVP,TDF(300mg)+3TC(300mg)+EFV(600mg)
379,REGIMEN,FDC (ABC/3TC),TDF(300mg)+3TC(300mg)+EFV(600mg)
380,REGIMEN,FDC (ABC/3TC)-ABC-EFV,ABC(60mg)+3TC(30mg)+AZT(60mg)
381,REGIMEN,FDC (ABC/3TC)-ABC-LPV/r,ABC(60mg)+3TC(30mg)+AZT(60mg)
382,REGIMEN,FDC (ABC/3TC)-ATV/r,ABC(60mg)+3TC(30mg)+AZT(60mg)
383,REGIMEN,-FDC (ABC/3TC)-ATV/r,ABC(60mg)+3TC(30mg)+AZT(60mg)
384,REGIMEN,FDC (ABC/3TC)-AZT,ABC(60mg)+3TC(30mg)+AZT(60mg)
385,REGIMEN,FDC (ABC/3TC)-AZT-ATV/r,ABC(60mg)+3TC(30mg)+AZT(60mg)
386,REGIMEN,FDC (ABC/3TC)-DTG,ABC(60mg)+3TC(30mg)+AZT(60mg)
387,REGIMEN,FDC (ABC/3TC)-DTG-LPV/r,ABC(60mg)+3TC(30mg)+AZT(60mg)
388,REGIMEN,FDC (ABC/3TC)-EFV,ABC(60mg)+3TC(30mg)+AZT(60mg)
389,REGIMEN,-FDC (ABC/3TC)-EFV,ABC(60mg)+3TC(30mg)+AZT(60mg)
390,REGIMEN,FDC (ABC/3TC)-EFV-EFV,ABC(60mg)+3TC(30mg)+AZT(60mg)
391,REGIMEN,FDC (ABC/3TC)-LPV/r,ABC(60mg)+3TC(30mg)+AZT(60mg)
392,REGIMEN,FDC (ABC/3TC)-NVP,ABC(60mg)+3TC(30mg)+AZT(60mg)
393,REGIMEN,FDC (AZT/3TC/NVP),ABC(60mg)+3TC(30mg)+AZT(60mg)
394,REGIMEN,FDC (TDF/3TC),TDF/FTC(300/200mg)+EFV(600mg)
395,REGIMEN,FDC (TDF/3TC)-ABC/3TC,TDF/FTC(300/200mg)+EFV(600mg)
396,REGIMEN,FDC (TDF/3TC)-ATV/r,TDF/FTC(300/200mg)+EFV(600mg)
397,REGIMEN,FDC (TDF/3TC)-ATV/r-ATV/r,TDF/FTC(300/200mg)+EFV(600mg)
398,REGIMEN,FDC (TDF/3TC)-ATV/r-AZT,TDF/FTC(300/200mg)+EFV(600mg)
399,REGIMEN,FDC (TDF/3TC)-ATV/r-DTG,TDF/FTC(300/200mg)+EFV(600mg)
400,REGIMEN,FDC (TDF/3TC)-ATV-RTV,TDF/FTC(300/200mg)+EFV(600mg)
401,REGIMEN,FDC (TDF/3TC)-AZT-ATV/r,TDF/FTC(300/200mg)+EFV(600mg)
402,REGIMEN,FDC (TDF/3TC)-AZT-LPV/r,TDF/FTC(300/200mg)+EFV(600mg)
403,REGIMEN,FDC (TDF/3TC)-DTG,TDF/FTC(300/200mg)+EFV(600mg)
404,REGIMEN,FDC (TDF/3TC)-DTG-ATV/r,TDF/FTC(300/200mg)+EFV(600mg)
405,REGIMEN,FDC (TDF/3TC)-EFV,TDF/FTC(300/200mg)+EFV(600mg)
406,REGIMEN,FDC (TDF/3TC)-FDC (TDF/3TC),TDF/FTC(300/200mg)+EFV(600mg)
407,REGIMEN,FDC (TDF/3TC)-LPV/r,TDF/FTC(300/200mg)+EFV(600mg)
408,REGIMEN,FDC (TDF/3TC)-LPV/r-AZT,TDF/FTC(300/200mg)+EFV(600mg)
409,REGIMEN,FDC (TDF/3TC)-LPV/r-FDC (TDF/3TC),TDF/FTC(300/200mg)+EFV(600mg)
410,REGIMEN,FDC (TDF/3TC/DTG),TDF/FTC(300/200mg)+EFV(600mg)
411,REGIMEN,-FDC (TDF/3TC/DTG),TDF/FTC(300/200mg)+EFV(600mg)
413,REGIMEN,FDC (TDF/3TC/DTG)-ATV/r,TDF/FTC(300/200mg)+EFV(600mg)
414,REGIMEN,FDC (TDF/3TC/DTG)-LPV/r,TDF/FTC(300/200mg)+EFV(600mg)
415,REGIMEN,FDC (TDF/3TC/EFV),TDF/FTC(300/200mg)+EFV(600mg)
416,REGIMEN,-FDC (TDF/3TC/EFV),TDF/FTC(300/200mg)+EFV(600mg)
417,REGIMEN,FDC (TDF/3TC/EFV)-   ,TDF/FTC(300/200mg)+EFV(600mg)
418,REGIMEN,FDC (TDF/3TC/EFV)-                                                                      ,TDF/FTC(300/200mg)+EFV(600mg)
420,REGIMEN,FDC (TDF/3TC/EFV)-ATV/r,TDF(300mg)+3TC(300mg)+LPV/r(200/50mg)+DTG(50mg)
421,REGIMEN,FDC (TDF/3TC/EFV)-EFV,TDF(300mg)+3TC(300mg)+LPV/r(200/50mg)+DTG(50mg)
422,REGIMEN,FDC (TDF/3TC/EFV)-FDC (TDF/3TC/EFV),TDF(300mg)+3TC(300mg)+LPV/r(200/50mg)+DTG(50mg)
423,REGIMEN,FDC (TDF/FTC//EFV),TDF(300mg)+3TC(300mg)+LPV/r(200/50mg)+DTG(50mg)
424,REGIMEN,FDC (TDF/FTC/DTG),TDF(300mg)+3TC(300mg)+LPV/r(200/50mg)+DTG(50mg)
425,REGIMEN,FDC (TDF/FTC/EFV),TDF(300mg)+3TC(300mg)+LPV/r(200/50mg)+DTG(50mg)
426,REGIMEN,FDC (TDF/FTC/EFV)-EFV,TDF(300mg)+3TC(300mg)+LPV/r(200/50mg)+DTG(50mg)
427,REGIMEN,FDC(ABC/3TC)-ATV/r,ABC(600mg)+3TC(300mg)+DTG(50mg)
428,REGIMEN,FDC(ABC/3TC)-AZT-ATV/r,ABC(600mg)+3TC(300mg)+DTG(50mg)
429,REGIMEN,FDC(ABC/3TC)-EFV,ABC(600mg)+3TC(300mg)+DTG(50mg)
430,REGIMEN,FDC(ABC/3TC)-LPV/r,ABC(600mg)+3TC(300mg)+DTG(50mg)
431,REGIMEN,FDC(ABC/3TC)-NVP,ABC(600mg)+3TC(300mg)+DTG(50mg)
432,REGIMEN,FDC(ABG/3TC)-EFV,ABC(600mg)+3TC(300mg)+DTG(50mg)
433,REGIMEN,FDC[ABC/3TC]-ATV/r,ABC(600mg)+3TC(300mg)+DTG(50mg)
434,REGIMEN,FDC{ABC/3TC}-EFV,ABC(600mg)+3TC(300mg)+DTG(50mg)
435,REGIMEN,FTC-TDF,TDF(300mg)+3TC(300mg)+DTG(50mg)
436,REGIMEN,FTC-TDF-EFV,TDF(300mg)+3TC(300mg)+DTG(50mg)
437,REGIMEN,FTC-TDF-EFV-EFV,TDF(300mg)+3TC(300mg)+DTG(50mg)
438,REGIMEN,FTC-TDF-LPV/r,TDF(300mg)+3TC(150mg)+ATV/r(300/100mg)
439,REGIMEN,FTC-TDF-NVP,TDF/FTC(300/200mg)+NVP(200mg)
440,REGIMEN,IND+-RTV-CBV,TDF(300mg)+3TC(300mg)+NVP(200mg)
441,REGIMEN,IND+-RTV-Truv,TDF(300mg)+3TC(300mg)+NVP(200mg)
442,REGIMEN,IND-RTV-Truvada (TDF/FTC),TDF(300mg)+3TC(300mg)+NVP(200mg)
443,REGIMEN,LPV/r-ABC/3TC,TDF(300mg)+3TC(300mg)+NVP(200mg)
444,REGIMEN,LPV/r-ATV/r,TDF(300mg)+3TC(300mg)+NVP(200mg)
445,REGIMEN,LPV/r-AZT-FDC (TDF/3TC),TDF(300mg)+3TC(300mg)+NVP(200mg)
446,REGIMEN,LPV/r-AZT-TDF,TDF(300mg)+3TC(300mg)+NVP(200mg)
447,REGIMEN,LPV/r-AZT-Truv (TDF/FTC),TDF(300mg)+3TC(300mg)+NVP(200mg)
448,REGIMEN,LPV/r-CBV (AZT/3TC),TDF(300mg)+3TC(300mg)+DTG(50mg)
449,REGIMEN,-LPV/r-CBV (AZT/3TC),TDF(300mg)+3TC(300mg)+DTG(50mg)
450,REGIMEN,LPV/r-CBV (AZT/3TC)-DTG,TDF(300mg)+3TC(300mg)+DTG(50mg)
451,REGIMEN,LPV/r-DTG-FDC (ABC/3TC),TDF(300mg)+3TC(300mg)+DTG(50mg)
452,REGIMEN,LPV/r-FDC (ABC/3TC),TDF(300mg)+3TC(300mg)+DTG(50mg)
453,REGIMEN,LPV/r-FDC (TDF/3TC),TDF(300mg)+3TC(300mg)+LPV/r(200/50mg)
454,REGIMEN,LPV/r-FDC (TDF/3TC)-AZT,TDF(300mg)+3TC(300mg)+LPV/r(200/50mg)
455,REGIMEN,LPV/r-FDC (TDF/3TC)-DTG,TDF(300mg)+3TC(300mg)+LPV/r(200/50mg)
456,REGIMEN,LPV/r-FDC (TDF/3TC)-NVP,TDF(300mg)+3TC(300mg)+LPV/r(200/50mg)
457,REGIMEN,LPV/rLPV/r-FDC (TDF/3TC),TDF(300mg)+3TC(300mg)+LPV/r(200/50mg)
458,REGIMEN,LPV/r-RAL,TDF(300mg)+3TC(300mg)+LPV/r(200/50mg)
459,REGIMEN,LPV/r-Truv,TDF(300mg)+3TC(300mg)+LPV/r(200/50mg)
460,REGIMEN,LPV/r-Truv (TDF/FTC),TDF(300mg)+3TC(300mg)+LPV/r(200/50mg)
461,REGIMEN,LPV/r-Truv (TDF/FTC)-Truv (TDF/FTC),TDF/FTC(300/200mg)+NVP(200mg)
462,REGIMEN,NVP-3TC-ABC,TDF/FTC(300/200mg)+NVP(200mg)
463,REGIMEN,NVP-3TC-AZT,TDF/FTC(300/200mg)+NVP(200mg)
464,REGIMEN,NVP-3TC-d4T,TDF/FTC(300/200mg)+NVP(200mg)
465,REGIMEN,NVP-ABC,TDF/FTC(300/200mg)+NVP(200mg)
466,REGIMEN,NVP-ABC/3TC,TDF/FTC(300/200mg)+NVP(200mg)
467,REGIMEN,NVP-AZT,TDF(300mg)+3TC(150mg)+ATV/r(300/100mg)
468,REGIMEN,NVP-AZT-3TC,TDF(300mg)+3TC(150mg)+ATV/r(300/100mg)
469,REGIMEN,NVP-CBV,TDF(300mg)+3TC(150mg)+ATV/r(300/100mg)
470,REGIMEN,NVP-CBV (AZT/3TC),TDF(300mg)+3TC(150mg)+ATV/r(300/100mg)
471,REGIMEN,NVP-FDC (ABC/3TC),TDF(300mg)+3TC(150mg)+ATV/r(300/100mg)
472,REGIMEN,NVP-FDC (TDF/3TC),TDF(300mg)+3TC(300mg)+EFV(600mg)
473,REGIMEN,NVP-Truv,TDF(300mg)+3TC(300mg)+EFV(600mg)
474,REGIMEN,NVP-Truv (TDF/FTC),TDF(300mg)+3TC(300mg)+EFV(600mg)
475,REGIMEN,NVP-Truvada (TDF/FTC),TDF(300mg)+3TC(300mg)+EFV(600mg)
476,REGIMEN,RAL-ATV/r,TDF(300mg)+3TC(300mg)+EFV(600mg)
477,REGIMEN,RTV-DRV-DTG-ETR,TDF(300mg)+3TC(300mg)+EFV(600mg)
478,REGIMEN,RTV-DRV-ETR-RAL,TDF(300mg)+3TC(300mg)+EFV(600mg)
479,REGIMEN,RTV-DRV-FDC (TDF/3TC)-ETR,TDF(300mg)+3TC(300mg)+EFV(600mg)
480,REGIMEN,RTV-DRV-Truv (TDF/FTC)-ETR,TDF(300mg)+3TC(300mg)+LPV/r(200/50mg)
481,REGIMEN,RTV-SQV-FDC (TDF/3TC),TDF(300mg)+3TC(300mg)+LPV/r(200/50mg)
482,REGIMEN,RTV-SQV-Truv (TDF/FTC),TDF(300mg)+3TC(300mg)+LPV/r(200/50mg)
483,REGIMEN,RTV-SQV-Truvada (TDF/FTC),TDF(300mg)+3TC(300mg)+LPV/r(200/50mg)
484,REGIMEN,SQV-AZT-LPV/r,TDF(300mg)+3TC(300mg)+LPV/r(200/50mg)
485,REGIMEN,SQV-ddI-EC-LPV/r,TDF(300mg)+3TC(150mg)+ATV/r(300/100mg)
486,REGIMEN,SQV-RTV-NLF-ddI-EC,TDF(300mg)+3TC(150mg)+ATV/r(300/100mg)
487,REGIMEN,TDF/FTC/EFV,TDF(300mg)+3TC(150mg)+ATV/r(300/100mg)
488,REGIMEN,TDF-3TC,TDF/FTC(300/200mg)+LPV/r(200/50mg)
489,REGIMEN,TDF-3TC-AZT,TDF/FTC(300/200mg)+NVP(200mg)
490,REGIMEN,TDF-3TC-AZT-LPR/r,TDF/FTC(300/200mg)+LPV/r(200/50mg)
491,REGIMEN,TDF-3TC-AZT-LPV/r,TDF/FTC(300/200mg)+NVP(200mg)
492,REGIMEN,TDF-3TC-CBV (AZT/3TC),TDF/FTC(300/200mg)+NVP(200mg)
493,REGIMEN,TDF-3TC-EFV,TDF/FTC(300/200mg)+EFV(600mg)
494,REGIMEN,TDF-3TC-EFV-EFV,TDF/FTC(300/200mg)+LPV/r(200/50mg)
495,REGIMEN,TDF-3TC-LPV/r,TDF/FTC(300/200mg)+LPV/r(200/50mg)
496,REGIMEN,TDF-3TC-LPV/r-LPR/r,TDF/FTC(300/200mg)+LPV/r(200/50mg)
497,REGIMEN,TDF-3TC-NVP,TDF/FTC(300/200mg)+NVP(200mg)
498,REGIMEN,TDF-3TC-TDF,TDF/FTC(300/200mg)+NVP(200mg)
499,REGIMEN,TDF-ABC-LPV/r,TDF/FTC(300/200mg)+LPV/r(200/50mg)
500,REGIMEN,TDF-ABC-NVP,TDF/FTC(300/200mg)+LPV/r(200/50mg)
501,REGIMEN,TDF-AZT-3TC-LPV/r,TDF/FTC(300/200mg)+NVP(200mg)
502,REGIMEN,TDF-AZT-EFV,TDF/FTC(300/200mg)+LPV/r(200/50mg)
503,REGIMEN,TDF-AZT-LPV/r,TDF/FTC(300/200mg)+NVP(200mg)
504,REGIMEN,TDF-AZT-NVP,TDF/FTC(300/200mg)+LPV/r(200/50mg)
505,REGIMEN,TDF-CBV,TDF/FTC(300/200mg)+NVP(200mg)
506,REGIMEN,TDF-CBV (AZT/3TC),TDF/FTC(300/200mg)+LPV/r(200/50mg)
507,REGIMEN,TDF-CBV (AZT/3TC)-ATV/r,TDF/FTC(300/200mg)+NVP(200mg)
508,REGIMEN,TDF-CBV (AZT/3TC)-ATV-RTV,TDF/FTC(300/200mg)+LPV/r(200/50mg)
509,REGIMEN,TDF-CBV (AZT/3TC)-IND-RTV,TDF/FTC(300/200mg)+NVP(200mg)
510,REGIMEN,TDF-CBV (AZT/3TC)-LPV/r,TDF/FTC(300/200mg)+LPV/r(200/50mg)
511,REGIMEN,TDF-CBV (AZT/3TC)-RTV-SQV,TDF/FTC(300/200mg)+NVP(200mg)
512,REGIMEN,TDF-CBV (AZT/3TC)-SQV-RTV,TDF/FTC(300/200mg)+LPV/r(200/50mg)
513,REGIMEN,TDF-CBV-LPV/r,TDF/FTC(300/200mg)+NVP(200mg)
514,REGIMEN,TDF-d4T-EFV,TDF/FTC(300/200mg)+LPV/r(200/50mg)
515,REGIMEN,TDF-EFV,TDF/FTC(300/200mg)+NVP(200mg)
516,REGIMEN,TDF-EFV-3TC,TDF/FTC(300/200mg)+LPV/r(200/50mg)
517,REGIMEN,TDF-FTC-EFV,TDF/FTC(300/200mg)+NVP(200mg)
518,REGIMEN,TDF-FTC-EFV-EFV,TDF/FTC(300/200mg)+LPV/r(200/50mg)
519,REGIMEN,TDF-FTC-LPV/r,TDF/FTC(300/200mg)+NVP(200mg)
520,REGIMEN,TDF-FTC-NVP,TDF/FTC(300/200mg)+LPV/r(200/50mg)
521,REGIMEN,TDF-IND+-RTV-CBV,TDF/FTC(300/200mg)+NVP(200mg)
522,REGIMEN,TDF-IND-RTV,TDF/FTC(300/200mg)+LPV/r(200/50mg)
523,REGIMEN,TDF-IND-RTV-CBV,TDF/FTC(300/200mg)+NVP(200mg)
524,REGIMEN,TDF-IND-RTV-CBV (AZT/3TC),TDF/FTC(300/200mg)+LPV/r(200/50mg)
525,REGIMEN,TDF-LPV/r,TDF/FTC(300/200mg)+NVP(200mg)
526,REGIMEN,TDF-LPV/r-3TC,TDF/FTC(300/200mg)+LPV/r(200/50mg)
527,REGIMEN,TDF-LPV/r-CBV,TDF/FTC(300/200mg)+NVP(200mg)
528,REGIMEN,TDF-LPV/r-CBV (AZT/3TC),TDF/FTC(300/200mg)+LPV/r(200/50mg)
529,REGIMEN,TDF-NVP,TDF/FTC(300/200mg)+NVP(200mg)
530,REGIMEN,TDF-RTV-SQV-CBV (AZT/3TC),TDF/FTC(300/200mg)+LPV/r(200/50mg)
531,REGIMEN,TDFTDF/3TC/DTG,TDF/FTC(300/200mg)+NVP(200mg)
532,REGIMEN,TDF-TDF-NVP,TDF/FTC(300/200mg)+LPV/r(200/50mg)
533,REGIMEN,TDF-Triomune (d4T/3TC/NVP)-LPV/r,TDF/FTC(300/200mg)+NVP(200mg)
534,REGIMEN,TDF-Truvada (TDF/FTC)-LPV/r,TDF/FTC(300/200mg)+LPV/r(200/50mg)
535,REGIMEN,Triomun (d4T/3TC/NVP),TDF/FTC(300/200mg)+NVP(200mg)
536,REGIMEN,Triomun-3TC-NVP,TDF/FTC(300/200mg)+LPV/r(200/50mg)
537,REGIMEN,Triomun-EFV,TDF/FTC(300/200mg)+NVP(200mg)
538,REGIMEN,Triomun-NVP,TDF/FTC(300/200mg)+NVP(200mg)
539,REGIMEN,Truv (TDF/FTC),TDF/FTC(300/200mg)+NVP(200mg)
540,REGIMEN,Truv (TDF/FTC)-3TC-EFV,TDF/FTC(300/200mg)+LPV/r(200/50mg)
541,REGIMEN,Truv (TDF/FTC)-3TC-EFV-EFV,TDF/FTC(300/200mg)+LPV/r(200/50mg)
542,REGIMEN,Truv (TDF/FTC)-3TC-LPV/r,TDF/FTC(300/200mg)+LPV/r(200/50mg)
543,REGIMEN,Truv (TDF/FTC)-3TC-NVP,TDF/FTC(300/200mg)+LPV/r(200/50mg)
544,REGIMEN,Truv (TDF/FTC)-ABC,TDF/FTC(300/200mg)+LPV/r(200/50mg)
545,REGIMEN,Truv (TDF/FTC)-ABC-LPV/r,TDF/FTC(300/200mg)+EFV(600mg)
546,REGIMEN,Truv (TDF/FTC)-ATV/r,TDF/FTC(300/200mg)+EFV(600mg)
547,REGIMEN,Truv (TDF/FTC)-AZT-EFV,TDF/FTC(300/200mg)+EFV(600mg)
548,REGIMEN,Truv (TDF/FTC)-AZT-IND,TDF/FTC(300/200mg)+EFV(600mg)
549,REGIMEN,Truv (TDF/FTC)-AZT-IND-RTV,TDF/FTC(300/200mg)+EFV(600mg)
550,REGIMEN,Truv (TDF/FTC)-AZT-LPV/r,TDF(300mg)+3TC(300mg)+LPV/r(200/50mg)
551,REGIMEN,Truv (TDF/FTC)-AZT-NLF,TDF(300mg)+3TC(300mg)+LPV/r(200/50mg)
552,REGIMEN,Truv (TDF/FTC)-AZT-RTV-IND,TDF(300mg)+3TC(300mg)+LPV/r(200/50mg)
553,REGIMEN,Truv (TDF/FTC)-AZT-RTV-SQV,TDF(300mg)+3TC(300mg)+LPV/r(200/50mg)
554,REGIMEN,Truv (TDF/FTC)-AZT-SQV-RTV,TDF(300mg)+3TC(300mg)+LPV/r(200/50mg)
555,REGIMEN,Truv (TDF/FTC)-AZT-TDF-LPV/r,TDF(300mg)+3TC(300mg)+NVP(200mg)
556,REGIMEN,Truv (TDF/FTC)-AZT-Truv (TDF/FTC),TDF/FTC(300/200mg)+NVP(200mg)
557,REGIMEN,Truv (TDF/FTC)-d4T-LPV/r,TDF/FTC(300/200mg)+LPV/r(200/50mg)
558,REGIMEN,Truv (TDF/FTC)-EFV,TDF(300mg)+3TC(300mg)+EFV(600mg)
559,REGIMEN,Truv (TDF/FTC)-EFV-EFV,TDF/FTC(300/200mg)+EFV(600mg)
560,REGIMEN,Truv (TDF/FTC)-FTC-NVP,TDF/FTC(300/200mg)+NVP(200mg)
561,REGIMEN,Truv (TDF/FTC)-IND-RTV,TDF(300mg)+3TC(300mg)+LPV/r(200/50mg)+DTG(50mg)
562,REGIMEN,Truv (TDF/FTC)-LPV/r,TDF(300mg)+3TC(300mg)+LPV/r(200/50mg)
563,REGIMEN,Truv (TDF/FTC)-LPV/r-AZT,TDF(300mg)+3TC(300mg)+LPV/r(200/50mg)
564,REGIMEN,Truv (TDF/FTC)-NVP,TDF(300mg)+3TC(300mg)+NVP(200mg)
565,REGIMEN,Truv (TDF/FTC)-NVP-EFV,TDF(300mg)+3TC(300mg)+NVP(200mg)
566,REGIMEN,Truv (TDF/FTC)-NVP-RTV,TDF(300mg)+3TC(300mg)+NVP(200mg)
567,REGIMEN,Truv (TDF/FTC)-NVP-SQV,TDF(300mg)+3TC(300mg)+NVP(200mg)
568,REGIMEN,Truv (TDF/FTC)-RTV-IND,TDF(300mg)+3TC(300mg)+NVP(200mg)
569,REGIMEN,Truv (TDF/FTC)-RTV-SQV,TDF(300mg)+3TC(300mg)+EFV(600mg)
570,REGIMEN,Truv (TDF/FTC)-SQV-RTV,TDF(300mg)+3TC(150mg)+LPV/r(200/50mg)
571,REGIMEN,Truv (TDF/FTC)-TDF-LPV/r,TDF/FTC(300/200mg)+LPV/r(200/50mg)
